player_id,name,position,games_played,goals,assists,points,plus_minus,penalty_minutes,shots,time_on_ice_per_game
8475151,Kyle Palmieri,C,1,0,0,0,0,0,4,1115.0
8475170,Brayden Schenn,C,1,0,0,0,0,2,1,867.0
8475231,Casey Cizikas,C,1,0,0,0,0,0,0,569.0
8476292,Ondrej Palat,L,1,0,0,0,0,0,2,606.0
8476419,Jean-Gabriel Pageau,C,1,0,0,0,-1,0,1,830.0
8476917,Adam Pelech,D,1,0,0,0,0,0,0,1191.0
8477407,Anthony Duclair,L,1,0,0,0,0,0,4,737.0
8477500,Bo Horvat,C,1,0,1,1,1,0,4,1351.0
8477506,Ryan Pulock,D,1,0,0,0,0,0,0,987.0
8477950,Tony DeAngelo,D,1,0,0,0,-1,0,0,1034.0
8479378,Logan Stanley,D,1,0,0,0,0,0,0,906.0
8481014,Alexander Romanov,D,1,0,0,0,1,0,2,1029.0
8481601,Simon Holmstrom,R,1,0,0,0,0,0,0,1217.0
8481711,Matias Maccelli,L,1,0,0,0,0,2,1,1059.0
8482476,Emil Heineman,L,1,1,0,1,0,0,1,806.0
8484221,Calum Ritchie,C,1,0,0,0,0,0,2,963.0
8485366,Matthew Schaefer,D,1,0,0,0,0,2,3,1665.0
8485388,Victor Eklund,R,1,0,0,0,-1,2,2,718.0
