player_id,first_name,last_name,position,shoots_catches,height_in,weight_lbs,birth_date,birth_country
8475231,Casey,Cizikas,C,L,71,190,1991-02-27,CAN
8477407,Anthony,Duclair,L,L,72,192,1995-08-26,CAN
8485388,Victor,Eklund,R,R,71,175,2006-10-03,SWE
8482476,Emil,Heineman,L,L,74,205,2001-11-16,SWE
8481601,Simon,Holmstrom,R,L,74,219,2001-05-24,SWE
8477500,Bo,Horvat,C,L,73,220,1995-04-05,CAN
8481711,Matias,Maccelli,L,L,72,184,2000-10-14,FIN
8481237,Kyle,MacLean,C,L,74,194,1999-04-29,USA
8476419,Jean-Gabriel,Pageau,C,R,71,181,1992-11-11,CAN
8476292,Ondrej,Palat,L,L,72,194,1991-03-28,CZE
8475151,Kyle,Palmieri,C,R,71,195,1991-02-01,USA
8484221,Calum,Ritchie,C,R,75,196,2005-01-21,CAN
8475170,Brayden,Schenn,C,L,73,202,1991-08-22,CAN
8477950,Tony,DeAngelo,D,R,71,189,1995-10-24,USA
8482516,Matthew,Kessel,D,R,75,215,2000-06-23,USA
8476429,Scott,Mayfield,D,R,77,215,1992-10-14,USA
8476917,Adam,Pelech,D,L,75,211,1994-08-16,CAN
8477506,Ryan,Pulock,D,R,74,221,1994-10-06,CAN
8481014,Alexander,Romanov,D,L,73,207,2000-01-06,RUS
8485366,Matthew,Schaefer,D,L,75,193,2007-09-05,CAN
8479378,Logan,Stanley,D,L,79,231,1998-05-26,CAN
8478009,Ilya,Sorokin,G,L,74,195,1995-08-04,RUS
8473575,Semyon,Varlamov,G,L,73,203,1988-04-27,RUS
